Nodo,Grado
1,567.0380952380889
2,554.9349206349168
3,554.1662698412649
4,552.1511904761874
5,551.3865079365025
6,545.41944444444
7,543.2876984126935
8,541.9746031746
9,541.3678571428545
10,541.0638888888833
11,539.3214285714253
12,538.6329365079354
13,537.5011904761861
14,536.8103174603135
15,535.4841269841243
16,533.5837301587272
17,533.1992063492045
18,532.3761904761863
19,532.3019841269876
20,531.0686507936535
21,528.9011904761956
22,528.8202380952423
23,528.8043650793621
24,528.6055555555586
25,528.569841269841
26,527.9055916305936
27,527.7182539682528
28,527.535317460315
29,527.4646825396859
30,527.4523809523796
31,527.3694444444448
32,527.2325396825408
33,526.8654761904738
34,526.3976190476201
35,525.7849206349248
36,525.5988095238085
37,524.7972222222185
38,524.6444444444428
39,523.9777777777808
40,523.5551587301577
41,523.1468253968272
42,522.9238095238159
43,522.6416666666644
44,522.0900793650836
45,521.9626984127034
46,521.7817460317426
47,521.652777777775
48,521.1857142857114
49,520.1718253968279
50,520.0289682539685
51,519.3507936508009
52,519.2948412698396
53,519.2345238095232
54,518.7912698412692
55,517.7960317460315
56,517.4928571428645
57,517.4410533910597
58,517.4000000000054
59,517.1480158730178
60,517.099603174611
61,515.7686507936542
62,514.9849206349209
63,514.9178571428645
64,514.6051587301645
65,514.575396825404
66,514.3464285714282
67,514.1841269841276
68,514.1777777777853
69,513.5658730158766
70,513.4214646464688
71,513.3710317460364
72,513.2912698412686
73,513.0710317460381
74,512.7071428571426
75,512.6210317460343
76,512.236544011551
77,511.92738095238656
78,511.6079365079426
79,511.44963924964594
80,510.58019480520056
81,510.2071428571471
82,510.106349206356
83,510.0865079365124
84,509.9861111111166
85,509.80126262626817
86,509.60555555556255
87,509.4095238095263
88,509.308730158733
89,509.22142857143325
90,509.1563492063519
91,509.0944444444451
92,508.7829365079379
93,508.4678571428575
94,508.4246031746064
95,508.2603174603172
96,508.1861111111108
97,508.02619047619135
98,507.7595598845655
99,507.3670634920705
100,507.1591630591687
101,506.7265873015876
102,506.6365079365121
103,506.38730158730186
104,506.2261904761989
105,506.1063492063473
106,506.0885642135712
107,506.0472222222297
108,505.91976911977434
109,505.8428571428602
110,505.60000000000684
111,505.5424603174601
112,505.4726190476189
113,505.2885281385288
114,505.1134920634993
115,504.9960317460313
116,504.94761904762345
117,504.8003968254046
118,504.3267676767712
119,504.0452380952463
120,503.9865079365162
121,503.33055555556257
122,503.23095238095374
123,502.9269841269902
124,502.6835858585857
125,502.3369769119837
126,502.0746031746111
127,501.9047619047683
128,501.8980519480592
129,501.73971861472495
130,501.73690476190757
131,501.5400793650832
132,501.32539682540425
133,500.71230158730924
134,500.6936507936533
135,500.5216089466073
136,500.3961038961059
137,500.12857142857575
138,500.0063492063548
139,499.46233766234496
140,499.31958874458695
141,499.30079365079365
142,499.26475468975474
143,499.22420634921235
144,498.8055555555635
145,498.6753968254049
146,498.66670274170906
147,498.61562049062667
148,498.5928932178971
149,498.5448412698481
150,498.3734126984141
151,497.7992063492125
152,497.67142857143773
153,497.5519841269873
154,497.2432900432901
155,497.2238095238124
156,497.1111471861485
157,496.68333333333345
158,496.32182539683356
159,495.70678210677806
160,495.1730880230954
161,495.172619047626
162,495.0154761904829
163,494.92745310245095
164,494.901226551233
165,494.89451659451646
166,494.82301587302175
167,494.71071428571514
168,494.7088744588798
169,494.50883838383874
170,494.48816738816646
171,494.4135281385273
172,494.03730158730883
173,493.9257936507943
174,493.9222222222238
175,493.85919913420685
176,493.7950937951011
177,493.71273448774144
178,493.6576118326125
179,493.541955266962
180,493.483730158737
181,493.2968253968271
182,492.93953823953825
183,492.5619047619117
184,492.18412698412897
185,492.0480880230951
186,492.0064574314643
187,491.93968253968796
188,491.92550505050616
189,491.4568181818174
190,491.4063492063516
191,491.3680375180429
192,491.2524170274159
193,491.17976190476236
194,491.04444444444437
195,490.87222222222806
196,490.8520202020198
197,490.81118326118377
198,490.79603174603454
199,490.5401875901942
200,490.5351010101074
201,490.5333333333356
202,490.4313492063579
203,490.1583333333357
204,490.0750000000022
205,490.0369408369475
206,489.9830086580154
207,489.89841269841855
208,489.82896825397535
209,489.78419913419907
210,489.2169913419972
211,489.0603535353562
212,489.05634920634986
213,489.00595238095497
214,488.7524170274238
215,488.60043290043404
216,488.5758297258375
217,488.4650793650831
218,488.3480519480592
219,487.8762987012998
220,487.8278138528166
221,487.24365079365174
222,487.23055555555413
223,487.1630952380981
224,486.9878066378061
225,486.88690476190624
226,486.8607142857158
227,486.8075757575819
228,486.59971139971805
229,486.331746031747
230,486.09173881673837
231,485.92034632034495
232,485.393253968262
233,485.3679292929291
234,485.33531746031804
235,485.1599567099628
236,485.1575396825461
237,485.1003968253996
238,485.0136724386723
239,484.70894660894686
240,484.62748917748877
241,484.60396825396884
242,484.5923160173219
243,484.43358585859033
244,484.3952380952427
245,484.2848124098175
246,484.16118326118453
247,484.1044372294436
248,484.0880952381021
249,484.02049062049775
250,483.9190836940825
251,483.8085137085183
252,483.5895382395391
253,483.42644300144946
254,483.09920634920735
255,483.0337662337738
256,482.9619769119757
257,482.8290043290118
258,482.6794011544074
259,482.4370129870138
260,482.29704184704144
261,482.10281385281485
262,481.88538961039546
263,481.8185425685469
264,481.79098124098147
265,481.640476190483
266,481.30833333334124
267,481.3064213564269
268,481.3060966811033
269,481.29888167388265
270,481.1055555555575
271,481.01706349206444
272,480.9079365079394
273,480.77424242424905
274,480.65202020202287
275,480.5568181818251
276,480.43578643578826
277,480.2883838383826
278,480.23492063492813
279,480.1619769119818
280,480.16118326118635
281,479.86468253968906
282,479.7639971140036
283,479.61060606061153
284,479.5111832611831
285,479.5044733044717
286,479.502380952387
287,479.49855699855704
288,479.4866883116946
289,479.43730158730125
290,479.3814213564288
291,479.2179292929284
292,479.1738816738825
293,479.06771284271724
294,478.912229437237
295,478.8684343434405
296,478.8205266955329
297,478.7817460317507
298,478.59123376623825
299,478.5568542568543
300,478.46908369409016
301,478.3258297258371
302,478.22954545455025
303,478.0976190476244
304,477.99126984127287
305,477.9438672438727
306,477.887770562777
307,477.6595959596024
308,477.5735209235217
309,477.43773448773925
310,477.36356421356714
311,477.2924603174642
312,477.2095238095315
313,477.1620851370855
314,477.0841991341999
315,477.0222943722945
316,476.9707070707145
317,476.9639610389654
318,476.9064213564283
319,476.8441197691183
320,476.7133116883112
321,476.69487734488393
322,476.6440476190527
323,476.55494227994245
324,476.49891774892393
325,476.2328643578636
326,476.23221500722246
327,475.95800865801
328,475.95378787879406
329,475.71948051948493
330,475.67831890331826
331,475.63026695527327
332,475.54054834055546
333,475.4894300144321
334,475.35021645021675
335,475.3322510822494
336,475.0676767676828
337,475.0057720057777
338,474.9279942279926
339,474.9167859917899
340,474.79924242424437
341,474.64195526695534
342,474.6127705627711
343,474.40245310245405
344,474.1380230880298
345,474.0426046176036
346,473.9754689754701
347,473.8450216450275
348,473.66608946609534
349,473.49484126984385
350,473.4010822510886
351,473.0615800865799
352,473.0603535353609
353,472.959920634926
354,472.82507215007377
355,472.74729437229615
356,472.71825396826057
357,472.63455988456707
358,472.54386724387376
359,472.363347763351
360,472.18243145742963
361,472.13618326118416
362,472.08935786435785
363,472.0851010101081
364,472.02705627705694
365,471.63098845599495
366,471.5030303030363
367,471.3639971139972
368,471.26334776335466
369,471.03701298701225
370,471.0116883116878
371,470.88145743145594
372,470.77741702742213
373,470.748953823955
374,470.71576479076333
375,470.7145382395368
376,470.6913059163065
377,470.6734126984188
378,470.65396825397505
379,470.5332251082253
380,470.3349927849924
381,470.27117604617473
382,470.2010101010094
383,470.1348484848544
384,470.06792929293005
385,470.0352092352093
386,469.9599206349226
387,469.8410533910537
388,469.6222222222246
389,469.4181457431513
390,469.3418109668102
391,469.31457431458074
392,469.24375901876607
393,469.21727994228445
394,469.1655483405494
395,469.1007215007266
396,468.89289321790017
397,468.8480519480581
398,468.8307720057721
399,468.8306277056274
400,468.5025252525254
401,468.33903318903157
402,467.94924242424975
403,467.93856421357043
404,467.89285714286353
405,467.76872294372936
406,467.7401875901869
407,467.66958874458953
408,467.5659090909154
409,467.4862914862986
410,467.4171356421419
411,467.3724386724397
412,467.023593073593
413,466.82067099567774
414,466.5734848484874
415,466.562626262632
416,466.5275613275683
417,466.3643939394013
418,466.3439754689743
419,466.33531746032236
420,465.9805555555549
421,465.9492063492104
422,465.9450216450222
423,465.9257936507984
424,465.8633477633464
425,465.86168831169533
426,465.77251082250956
427,465.56125541125573
428,465.33434343434936
429,465.281493506494
430,465.17233044733194
431,464.9757215007215
432,464.6770923520974
433,464.5982323232393
434,464.2853174603252
435,464.2165223665272
436,464.05793650794357
437,464.0260461760527
438,464.0187590187607
439,463.9762626262658
440,463.9688672438727
441,463.8386002886045
442,463.83632756133284
443,463.65014430014963
444,463.6370490620497
445,463.6259379509385
446,463.5996031746074
447,463.484812409817
448,463.38109668109576
449,463.07063492063264
450,463.0588023088034
451,462.9367243867245
452,462.9080086580114
453,462.67460317460115
454,462.43899711399786
455,462.31504329004326
456,462.281096681099
457,462.13084415584285
458,462.08892496393037
459,462.00447330447804
460,461.9204184704194
461,461.88506493506236
462,461.71796536796995
463,461.60328282828186
464,461.5609668109731
465,461.5127344877362
466,461.4492063492128
467,461.42427849928174
468,461.41028138527986
469,461.4045815295873
470,461.4016233766222
471,461.3161616161674
472,461.2917027417091
473,461.0789682539716
474,461.03196248196366
475,461.0301226551229
476,460.9022366522371
477,460.78106060606365
478,460.66771284271266
479,460.6487373737357
480,460.45266955267016
481,460.31453823953973
482,460.23311688312265
483,460.13748196248724
484,460.0313852813909
485,459.8735209235214
486,459.7981240981281
487,459.7970057720124
488,459.76489898990474
489,459.60992063491875
490,459.5269480519531
491,459.46435786435904
492,459.41547619048356
493,459.4118686868744
494,459.397835497834
495,459.39339826840165
496,459.3484848484903
497,459.312842712848
498,459.23434343434747
499,459.08069985570626
500,458.9482323232376
501,458.8985569985553
502,458.6767316017324
503,458.6610028860071
504,458.56915584416134
505,458.5678210678189
506,458.43423520923716
507,458.3496392496451
508,458.3039682539729
509,458.1522005772063
510,458.047438672444
511,458.03037518037553
512,457.9755050505126
513,457.7203102453156
514,457.65779220779154
515,457.6009740259742
516,457.59498556999034
517,457.5334776334754
518,457.4437590187617
519,457.41468253968986
520,457.3286796536858
521,457.28578643579067
522,457.2667388167442
523,457.1178210678245
524,457.02619047619544
525,456.8708513708543
526,456.8685425685487
527,456.80992063492374
528,456.77792207792737
529,456.70923520923816
530,456.40645743145575
531,456.0073232323299
532,455.993975468979
533,455.7465007215005
534,455.67792207792843
535,455.6707431457443
536,455.6256132756158
537,455.54823232323747
538,455.5258658008713
539,455.48037518037575
540,455.39779942280427
541,455.3577922077943
542,455.31277056276906
543,455.25472582972503
544,455.15313852814216
545,455.09942279942743
546,455.0748196248181
547,455.06190476190767
548,454.8808802308784
549,454.82550505050256
550,454.69888167388433
551,454.6972222222276
552,454.33113275613886
553,454.2853535353586
554,454.1376623376659
555,454.000432900431
556,453.9978715728787
557,453.97178932178883
558,453.8842712842687
559,453.8392135642174
560,453.66053391053583
561,453.60569985570646
562,453.3891414141451
563,453.05501443001884
564,452.97489177489155
565,452.7249999999991
566,452.46060606060416
567,452.4065656565691
568,452.2965007215023
569,452.2765512265575
570,452.23134920635215
571,452.18603896103525
572,452.108405483409
573,451.95970418470563
574,451.91439393939476
575,451.9112914862977
576,451.9076479076438
577,451.88156565656533
578,451.7082972582998
579,451.5080086580131
580,451.50797258297274
581,451.48791486291935
582,451.43015873016446
583,451.410569985569
584,451.39296536796473
585,451.37907647907303
586,451.2902236652242
587,451.22323232323777
588,451.1866522366559
589,451.05288600288856
590,451.00111832611617
591,450.8843795093832
592,450.7751443001477
593,450.62867965367644
594,450.5485569985555
595,450.39108946609423
596,450.3699494949561
597,450.1927849927897
598,450.1317821067825
599,450.04494949495097
600,450.0406926406981
601,450.0244227994281
602,449.93571428571636
603,449.8649350649325
604,449.84458874458767
605,449.7301587301566
606,449.69816017316606
607,449.56202408702853
608,449.4526334776389
609,449.35335497836104
610,449.1033549783584
611,449.0346320346362
612,449.01720779221216
613,448.75191197691703
614,448.71915584415393
615,448.6260101010167
616,448.60992063492546
617,448.5503607503646
618,448.519696969696
619,448.463383838381
620,448.2489538239578
621,448.19260461760376
622,448.0873487623511
623,448.0789321789352
624,448.0371212121262
625,447.9625901875957
626,447.9523809523779
627,447.85349927850467
628,447.81861471861833
629,447.46601731601845
630,447.23906926406596
631,447.221789321794
632,447.07665945166366
633,446.82878787879116
634,446.79778554778704
635,446.72965367965327
636,446.7005411255374
637,446.69963924964225
638,446.4124458874473
639,446.29552669553067
640,446.22759740259954
641,446.215873015872
642,446.2019952269976
643,446.1099206349267
644,445.95180375180695
645,445.95137085137554
646,445.90559163058975
647,445.8761183261174
648,445.86367243866977
649,445.84440836941366
650,445.8205266955317
651,445.78318903318626
652,445.75919913420273
653,445.7240981241039
654,445.7015151515154
655,445.6823232323286
656,445.66800144300055
657,445.22947330447056
658,445.0941919191901
659,444.93885281384917
660,444.9035353535323
661,444.81562049061796
662,444.80652958153297
663,444.7040764790801
664,444.6370129870101
665,444.6286435786471
666,444.62813852814384
667,444.51251803751404
668,444.4307720057757
669,444.2768759018748
670,444.26594516594315
671,444.2074314574296
672,444.1637085137065
673,444.10025252524974
674,443.9401875901861
675,443.92918470418635
676,443.91774891775344
677,443.8945526695565
678,443.39992784993035
679,443.3792929292948
680,443.3780663780646
681,443.3454906204898
682,443.29794372294725
683,443.2333694083734
684,443.1936868686882
685,443.1514790764802
686,443.11167443667154
687,442.9847402597453
688,442.95710678211003
689,442.94375901876134
690,442.83730158730225
691,442.8296897546854
692,442.7457070707117
693,442.7351370851373
694,442.4567099567122
695,442.1560717060758
696,442.15008325008523
697,441.95173160173465
698,441.881962481958
699,441.79213564214
700,441.7161255411264
701,441.64516594517096
702,441.6065656565698
703,441.5125541125503
704,441.50281385281653
705,441.3588744588721
706,441.3417027417044
707,441.3382395382441
708,441.29494949494654
709,441.2792207792243
710,441.26635309135463
711,441.1848124098139
712,441.1579365079391
713,441.08625541125895
714,440.95638528138966
715,440.8474386724438
716,440.8268759018734
717,440.7519119769169
718,440.6885642135655
719,440.64955322455336
720,440.63535353535633
721,440.5904401154423
722,440.5163780663749
723,440.45321067821357
724,440.291125541123
725,440.24148629148823
726,440.12308802308604
727,440.10851370851935
728,440.0445165945142
729,439.82456709956864
730,439.8044733044706
731,439.7810606060606
732,439.7457486957491
733,439.6578643578662
734,439.6466810966841
735,439.44260461760206
736,439.35039682539366
737,439.32746420246616
738,439.24184704184626
739,439.1566017315993
740,439.08463203463225
741,439.0704184704163
742,438.9503607503569
743,438.9447330447351
744,438.80152625152766
745,438.75238095238376
746,438.6696359196368
747,438.636075036081
748,438.59549062049143
749,438.5252886002913
750,438.52427849928165
751,438.4456349206328
752,438.43535353535606
753,438.3321789321802
754,438.2603535353569
755,438.21479076479255
756,438.19830447331015
757,438.18654401154686
758,438.13107170606867
759,437.89678932179413
760,437.89173881673486
761,437.62965367965694
762,437.6203463203486
763,437.6073953823987
764,437.5504079254072
765,437.53127705628043
766,437.52756132756036
767,437.47929292929166
768,437.4442279942267
769,437.3999639249695
770,437.28918858918985
771,437.2690115440126
772,437.2049062049052
773,437.047330447328
774,436.9852453102463
775,436.91158008658283
776,436.7594877344873
777,436.7442141192155
778,436.67987012986885
779,436.6414141414114
780,436.5476662226676
781,436.3351370851404
782,436.297566322567
783,436.27263014763076
784,436.20422077921876
785,436.164213564215
786,436.12828282828735
787,436.0760822510864
788,436.0374819624838
789,436.0365911865956
790,435.95505050505636
791,435.76161616161585
792,435.7316738816749
793,435.7023809523856
794,435.54171384171633
795,435.54044011544164
796,435.44274891775166
797,435.38311688312046
798,435.3274392274363
799,435.23127705627934
800,435.2053391053411
801,435.03434343434736
802,435.03125208125414
803,434.9757936507963
804,434.95710678211043
805,434.9059523809511
806,434.85714285713965
807,434.65869408369593
808,434.6474025974032
809,434.642568542571
810,434.5696359196369
811,434.5597402597426
812,434.5589688089662
813,434.53672438672595
814,434.4584776334826
815,434.38888888888704
816,434.38318903319004
817,434.1762626262645
818,433.9506243756252
819,433.8340659340621
820,433.814646464648
821,433.7661976911953
822,433.7610389610387
823,433.7427128427162
824,433.67478354978545
825,433.6218614718625
826,433.33124098124176
827,433.32020202019953
828,433.20873015872905
829,433.12992840492444
830,433.12724775224984
831,433.04217171716897
832,433.01185481185087
833,432.9716810966837
834,432.9608225108178
835,432.9186147186196
836,432.88993506493404
837,432.86605061604797
838,432.8597041847059
839,432.8213203463218
840,432.72601010100755
841,432.72344877344614
842,432.62800532800696
843,432.57861860362095
844,432.53564213564204
845,432.4515151515105
846,432.44956709956796
847,432.3764790764831
848,432.3393939393962
849,432.2227633477671
850,432.18924963924826
851,432.13506493506543
852,432.11677489177146
853,431.6350649350608
854,431.59693362193144
855,431.5643578643586
856,431.4963564213527
857,431.40647963148
858,431.35851370851157
859,431.2638528138563
860,431.0418831168818
861,431.0315295815306
862,430.9964646464606
863,430.9810606060585
864,430.9509740259718
865,430.9316017316026
866,430.9081168831225
867,430.8631673881666
868,430.53196248196235
869,430.5313852813817
870,430.4567460317427
871,430.2871767121775
872,430.22103174603234
873,430.1303973803945
874,429.91378066378337
875,429.8300865800829
876,429.8010822510835
877,429.7766955266928
878,429.61973304472946
879,429.5793151293152
880,429.47236652236217
881,429.4520202020217
882,429.43405483406053
883,429.29491341991536
884,429.2872294372263
885,429.0024975024985
886,428.87474747474926
887,428.83513708513914
888,428.69574314574845
889,428.6605089355081
890,428.6164973914957
891,428.60310245309915
892,428.5573898323913
893,428.4772727272755
894,428.4567682317684
895,428.42242479742157
896,428.42136752136344
897,428.36990509490505
898,428.2846681096632
899,428.27664557664247
900,428.2429653679604
901,428.1692501942475
902,428.06381673881486
903,427.93874458874785
904,427.88477633477356
905,427.720346320348
906,427.6937590187543
907,427.4792207792189
908,427.44398656899074
909,427.3928044178051
910,427.3436147186127
911,427.303499278497
912,426.95501443001774
913,426.9150183150199
914,426.80812798312957
915,426.43311688311604
916,426.19652292152125
917,426.19471916971685
918,426.1493145743177
919,426.0880813630823
920,425.93476245975853
921,425.9022116772081
922,425.7777417027433
923,425.7587884337899
924,425.6955377955389
925,425.64440836940514
926,425.53145743145365
927,425.48446275945764
928,425.46994949494535
929,425.3777777777802
930,425.34321789321336
931,425.33698801199057
932,425.2411616161674
933,425.1389971140019
934,425.1010267510242
935,425.0559884559847
936,424.9022005771993
937,424.9001748251741
938,424.89279609279254
939,424.86956376956505
940,424.8198162948163
941,424.79999999999734
942,424.7664862914838
943,424.6969336219292
944,424.6631313131333
945,424.36277056276606
946,424.35335497835473
947,424.2680735930691
948,424.2631784881798
949,424.2507936507946
950,424.2055056055035
951,424.20133477633675
952,424.1818015318038
953,424.13580863580984
954,424.0685786435826
955,423.9776695526732
956,423.93454600954163
957,423.9316128316156
958,423.8958735708723
959,423.79314574315157
960,423.7735042735033
961,423.7718975468982
962,423.71583694084126
963,423.69730547230444
964,423.55407647907595
965,423.55
966,423.5279581529552
967,423.45036075036126
968,423.38410200909897
969,423.3612554112505
970,423.1712703962676
971,423.04419191918896
972,422.9953463203482
973,422.8847513597514
974,422.781349206348
975,422.6883838383877
976,422.6601842601867
977,422.6331168831173
978,422.5881285381249
979,422.5548340548362
980,422.5119630369589
981,422.5111471861488
982,422.42781385281523
983,422.38899711399375
984,422.3437340437337
985,422.3212121212139
986,422.3086219336255
987,422.27146464646546
988,422.16002886002565
989,422.1392968142992
990,422.04184704185315
991,421.8388528138538
992,421.79657287156783
993,421.6274891774868
994,421.4426046176055
995,421.43950216450634
996,421.3993978243963
997,421.33142135642186
998,421.32510267510156
999,421.2428571428579
1000,421.16375568875674
1001,421.0575396825385
1002,420.9830197580213
1003,420.8076950826952
1004,420.7955821955782
1005,420.71967199466843
1006,420.71410533910625
1007,420.67738095238
1008,420.4968337218305
1009,420.3871933621971
1010,420.3694305694279
1011,420.23423243422764
1012,420.219552669554
1013,420.21810966810614
1014,420.19599289599057
1015,420.125072150069
1016,419.9983266733214
1017,419.8778665778663
1018,419.8351731601769
1019,419.8246392496377
1020,419.7419191919208
1021,419.72540792540985
1022,419.5287518037494
1023,419.46392496392724
1024,419.3602203352215
1025,419.17495004994623
1026,419.00069652569374
1027,418.9775446775438
1028,418.82406204906357
1029,418.76659451659015
1030,418.5256798756781
1031,418.4833694083662
1032,418.4509018759019
1033,418.2483988233953
1034,418.24682539682124
1035,418.15928238428137
1036,418.08971861471366
1037,418.0054834054804
1038,417.9310606060563
1039,417.9299894549875
1040,417.92263847263695
1041,417.87337384837105
1042,417.83021700521806
1043,417.80313852813964
1044,417.7800199800189
1045,417.65699855699893
1046,417.61263736263766
1047,417.4482905982874
1048,417.39931457431913
1049,417.2720418470391
1050,417.0056249306217
1051,416.9903679653654
1052,416.96281773781885
1053,416.9342352092377
1054,416.9124098124093
1055,416.7757936507933
1056,416.7338383838411
1057,416.6939033189013
1058,416.6866994116977
1059,416.62765567765825
1060,416.5020035520019
1061,416.4826118326116
1062,416.4600593850608
1063,416.45764235763755
1064,416.34700577200414
1065,416.24660894661304
1066,416.20543345543155
1067,416.14217171717127
1068,416.09239926740054
1069,416.0811188811154
1070,415.91136363636184
1071,415.8198107448105
1072,415.7853035853047
1073,415.6222222222217
1074,415.552164502161
1075,415.485941835942
1076,415.3942279942278
1077,415.29962537462666
1078,415.2546398046401
1079,415.2514069264086
1080,415.1449855699873
1081,415.13972971473163
1082,415.11850649350987
1083,415.11430791430496
1084,414.93828671328635
1085,414.9165445665427
1086,414.84550172050206
1087,414.8022338772301
1088,414.5913641913599
1089,414.58597791097634
1090,414.5064907314877
1091,414.5028138528108
1092,414.4800865800839
1093,414.3413281163237
1094,414.2654040404005
1095,414.2272422022422
1096,414.195940170938
1097,414.0104007104
1098,413.86790986790464
1099,413.83120490620166
1100,413.79314019313625
1101,413.6928571428531
1102,413.6473054723039
1103,413.61979131978677
1104,413.55242257741764
1105,413.5424575424549
1106,413.54177489177874
1107,413.44523809523605
1108,413.3115440115464
1109,413.07265512265485
1110,413.00037185037286
1111,412.89484126984354
1112,412.88537573537116
1113,412.87545232545466
1114,412.8127455877448
1115,412.65815295815685
1116,412.5338356088314
1117,412.5223665223621
1118,412.51011766011953
1119,412.47057942057944
1120,412.46793761793595
1121,412.44230214230186
1122,412.3536963036943
1123,412.30773115773013
1124,412.0841380841375
1125,412.014860139856
1126,412.00703463203786
1127,411.8724025973984
1128,411.8429403929382
1129,411.80231990231965
1130,411.64640359640345
1131,411.590584415582
1132,411.5858225108254
1133,411.54183871683654
1134,411.4930375180414
1135,411.4504884004882
1136,411.4056499056476
1137,411.38044733044904
1138,411.35540848040574
1139,411.11896991897174
1140,411.02006882007083
1141,410.99209679209207
1142,410.90115995115957
1143,410.8027278277261
1144,410.7414363414321
1145,410.57098179598086
1146,410.50709290709085
1147,410.18908591408393
1148,410.1477605727629
1149,410.03815351314904
1150,409.9669663669661
1151,409.82590187590074
1152,409.6896908646887
1153,409.6812049062051
1154,409.5539599289576
1155,409.47404817404504
1156,409.4719585969561
1157,409.4528582528539
1158,409.4158230658213
1159,409.2331141081093
1160,409.207839382838
1161,409.10971528471384
1162,408.97290764790745
1163,408.93795093795114
1164,408.9178044177998
1165,408.86858974358654
1166,408.72965367965816
1167,408.7061549561508
1168,408.63232878232395
1169,408.6145021645007
1170,408.53298090797665
1171,408.30796980796555
1172,408.2561799311768
1173,408.2305416805411
1174,408.23044455544107
1175,408.2292429792382
1176,408.0998196248238
1177,408.0960567210538
1178,408.0879981129967
1179,408.0476023975972
1180,408.0361693861671
1181,408.0128649128636
1182,408.00140415139975
1183,407.89846264846153
1184,407.8826839826871
1185,407.87408424907966
1186,407.83242868242564
1187,407.7348845598881
1188,407.4718975468963
1189,407.4037240537218
1190,407.39549062049105
1191,407.369574869576
1192,407.3636946386899
1193,407.1785076035035
1194,407.0998418248378
1195,407.0436618936586
1196,407.0185675435642
1197,406.98957153956644
1198,406.92016317015873
1199,406.9027777777735
1200,406.74063991563594
1201,406.60598845598435
1202,406.5996614496569
1203,406.58801198801
1204,406.5820346320358
1205,406.49587357087375
1206,406.40644355644105
1207,406.390764790766
1208,406.2461038961076
1209,406.1544011543981
1210,406.0408702408659
1211,406.024025974029
1212,405.9555916305878
1213,405.92911810411414
1214,405.88950216450496
1215,405.865431790431
1216,405.82766677766296
1217,405.80407647908004
1218,405.79013486513327
1219,405.75786158285774
1220,405.68210123209644
1221,405.656718281714
1222,405.65266955267094
1223,405.6297619047581
1224,405.5178793428749
1225,405.42599622599204
1226,405.3551393051351
1227,405.2983932733893
1228,405.20340215340036
1229,405.0913530913505
1230,405.07828282828314
1231,404.8221361971315
1232,404.72720890220563
1233,404.3628898878879
1234,404.34046509046425
1235,404.3324175824174
1236,404.2408591408545
1237,404.19017371516907
1238,404.15638528138686
1239,404.108247308243
1240,404.0953546453513
1241,404.04696969697375
1242,404.02611832611757
1243,403.90056332555866
1244,403.7581224331188
1245,403.74010711510425
1246,403.73743201242775
1247,403.6736457986445
1248,403.6655705405652
1249,403.6632339882304
1250,403.49937284936925
1251,403.49028749028423
1252,403.37332112331666
1253,403.356596181592
1254,403.2372405372385
1255,403.2351454101422
1256,403.0933705183656
1257,403.08406593406556
1258,403.0249833499795
1259,402.9539294039244
1260,402.9049783549785
1261,402.85359917859626
1262,402.8336219336244
1263,402.8325618825602
1264,402.74150571650057
1265,402.47569375069077
1266,402.34857919857524
1267,402.23160173159965
1268,402.2172438672478
1269,402.18225108225266
1270,402.16345598845453
1271,402.1233044733056
1272,402.0972915972872
1273,401.9509962259929
1274,401.8391025640981
1275,401.83705461205227
1276,401.7868326118349
1277,401.6029526029491
1278,401.4649211899179
1279,401.4598096348052
1280,401.3505883005914
1281,400.83115495615283
1282,400.7717726717694
1283,400.7026695526719
1284,400.6351481851441
1285,400.5825757575775
1286,400.54978077477705
1287,400.5126262626221
1288,400.48486235985985
1289,400.47586580086386
1290,400.44594572094314
1291,400.38279220779464
1292,400.356293706292
1293,400.30718448218073
1294,400.1989954489924
1295,400.183702408698
1296,400.11496836496383
1297,400.00536130535727
1298,399.9568237318195
1299,399.95533633033546
1300,399.88278943278493
1301,399.81132201131703
1302,399.5792180042156
1303,399.5546037296033
1304,399.5390165390124
1305,399.42765012764556
1306,399.4009740259758
1307,399.3958458208421
1308,399.1571289821272
1309,399.0557553557549
1310,398.8317460317431
1311,398.80427905427456
1312,398.74850704850286
1313,398.59215784215485
1314,398.45823343322894
1315,398.2893634143627
1316,398.28856976356917
1317,398.28043623043294
1318,398.24421689421314
1319,398.15762293262395
1320,398.1468614718576
1321,398.05301642801123
1322,397.9355200355181
1323,397.9266067266018
1324,397.84293484293084
1325,397.82423964923635
1326,397.6641053391076
1327,397.61709124208704
1328,397.5692779442734
1329,397.5668165168137
1330,397.5103535353558
1331,397.5065573315515
1332,397.50014985014684
1333,397.38993228992786
1334,397.33259518259166
1335,397.286624486621
1336,397.2578865578838
1337,397.21759629259253
1338,397.18122433121954
1339,397.1758408258399
1340,397.13310300809866
1341,397.1043595293555
1342,397.0493978243971
1343,397.0100649350668
1344,396.9509462759429
1345,396.9027888777863
1346,396.8552669552656
1347,396.8494005993956
1348,396.8234681984655
1349,396.79553779553356
1350,396.75337717837255
1351,396.750371850368
1352,396.6967171717213
1353,396.6453324453318
1354,396.6366383616371
1355,396.5771561771523
1356,396.51780719280345
1357,396.4857142857156
1358,396.4667693417662
1359,396.4176767676741
1360,396.388184038179
1361,396.37789710289303
1362,396.3755411255436
1363,396.31959429458925
1364,396.238297813294
1365,396.22616550116084
1366,396.17391774892025
1367,396.1576673326618
1368,396.15245865245413
1369,395.935919635914
1370,395.931635031631
1371,395.9178071928039
1372,395.79966144966147
1373,395.7650044400007
1374,395.7215673215632
1375,395.62159507159134
1376,395.5668081918041
1377,395.4439976689934
1378,395.38011988011635
1379,395.3502081252067
1380,395.28982406481964
1381,395.28513708514043
1382,395.1398795648753
1383,395.0652430902384
1384,395.06293706293616
1385,395.04704184704383
1386,394.904581529578
1387,394.8938089688069
1388,394.88167110666774
1389,394.86966089465676
1390,394.8555056055007
1391,394.82046009545564
1392,394.79050949050554
1393,394.75968753468675
1394,394.62714785214183
1395,394.60658785658364
1396,394.5524225774187
1397,394.48649128648617
1398,394.4842712842665
1399,394.4206099456043
1400,394.38570318570083
1401,393.8273310023252
1402,393.7442557442493
1403,393.5529193029153
1404,393.5526556776543
1405,393.3630591630562
1406,393.3350149850109
1407,393.2477938727893
1408,393.2256965256926
1409,393.05932955932496
1410,392.9233904983857
1411,392.84295149295093
1412,392.8054834054782
1413,392.7888944388903
1414,392.7327561327508
1415,392.73066100565654
1416,392.6683843933807
1417,392.65209235209517
1418,392.56687756687387
1419,392.50841658341227
1420,392.39169719169263
1421,392.3646076146041
1422,392.357273282273
1423,392.35313852813863
1424,392.2321040071001
1425,392.19291819291414
1426,392.0883699633687
1427,392.07410922410696
1428,392.0628371628318
1429,391.95787268287324
1430,391.9091214341176
1431,391.85836940836975
1432,391.7610694860647
1433,391.7243367743352
1434,391.71505161504757
1435,391.7096542346507
1436,391.6652208902164
1437,391.6552891552846
1438,391.64555722055377
1439,391.59765234765064
1440,391.5835830835787
1441,391.5736652236654
1442,391.3420135420118
1443,391.2013569763557
1444,391.16211288711105
1445,391.1476856476824
1446,391.135420135416
1447,391.1015207015168
1448,391.08623876123255
1449,391.0326701076661
1450,391.0085331335322
1451,390.95052725052363
1452,390.7790015539993
1453,390.73782051281614
1454,390.59170274170293
1455,390.47476412476016
1456,390.4506327006262
1457,390.4151903651851
1458,390.3857614607578
1459,390.3716561216519
1460,390.3629287379259
1461,390.1963258963216
1462,390.16886446885866
1463,390.1052086802032
1464,390.05167887667307
1465,389.9472416472381
1466,389.86114163613524
1467,389.8350510600473
1468,389.82157842157477
1469,389.78178210678186
1470,389.7623348873318
1471,389.7463342213286
1472,389.7327561327523
1473,389.6767676767676
1474,389.5248778998712
1475,389.52200022199503
1476,389.4770673770672
1477,389.4255106005063
1478,389.3590992340933
1479,389.3374736374691
1480,389.2906898656866
1481,389.1859446109403
1482,389.1614663114616
1483,389.1309884559852
1484,389.1081224331174
1485,389.09653679653627
1486,389.0595293595248
1487,389.02803585303195
1488,388.9994089244027
1489,388.89844877344547
1490,388.8819624819572
1491,388.8598207348147
1492,388.8214646464601
1493,388.7981934731883
1494,388.77758352758076
1495,388.754797979792
1496,388.6765623265563
1497,388.6462592962565
1498,388.6190226440179
1499,388.38133533133436
1500,388.3099511599454
1501,388.29698079697914
1502,388.2637806637832
1503,388.2497113997076
1504,388.22434787434423
1505,388.17776390276293
1506,388.09220779220357
1507,388.0492368742323
1508,387.93783716283366
1509,387.93051670551205
1510,387.9293956043915
1511,387.84719447218913
1512,387.8460428460384
1513,387.7800144300156
1514,387.7781607281594
1515,387.7138333888284
1516,387.6952713952667
1517,387.6580447330475
1518,387.6187867687837
1519,387.5433372183355
1520,387.51691364190975
1521,387.4911560661522
1522,387.4111333111333
1523,387.37035187034826
1524,387.31878676878085
1525,387.2781329781283
1526,387.23941336440936
1527,387.12495837495396
1528,387.08556443556404
1529,386.93505106004767
1530,386.9047480297471
1531,386.86463258962806
1532,386.8363386613341
1533,386.80811410810827
1534,386.80010267509886
1535,386.7645493395429
1536,386.65087690087313
1537,386.5723831723773
1538,386.5106282606211
1539,386.49370351869743
1540,386.4894633144585
1541,386.4068903318869
1542,386.3526501276439
1543,386.3510073260034
1544,386.33969086468477
1545,386.28092185592084
1546,386.21363081362784
1547,386.20471472970803
1548,385.9426878676831
1549,385.90926850926405
1550,385.8754884004815
1551,385.85279997779776
1552,385.80803085802575
1553,385.63505106004783
1554,385.628912753909
1555,385.6103535353565
1556,385.60432345431724
1557,385.59418914418467
1558,385.59312909312496
1559,385.59263791763175
1560,385.5527278277262
1561,385.5429098679037
1562,385.3902153402109
1563,385.29562937062514
1564,385.2701770451713
1565,385.17834665334186
1566,385.1735403485333
1567,385.11891164390585
1568,384.97914585414003
1569,384.81237096236805
1570,384.56617271616864
1571,384.46980241979804
1572,384.3340881340811
1573,384.24900654900205
1574,384.11534854034363
1575,384.10155122655345
1576,384.0574064824017
1577,383.95721223220835
1578,383.87651515150753
1579,383.87358474857956
1580,383.8218337218274
1581,383.8188894438846
1582,383.71194638694186
1583,383.6962537462521
1584,383.6178710178664
1585,383.60794483294353
1586,383.58005050504704
1587,383.4530025529997
1588,383.39370906870346
1589,383.22487789987275
1590,383.1748223998175
1591,383.15937673437264
1592,383.1590104340066
1593,383.11542624042124
1594,383.0973637473599
1595,383.07560495060125
1596,383.0568292818279
1597,383.03250360749763
1598,383.01237373737126
1599,382.9713647463581
1600,382.9467754467674
1601,382.9452075702022
1602,382.9301504051464
1603,382.9288156288089
1604,382.87712010211294
1605,382.8650960150896
1606,382.8204378954401
1607,382.5888028637989
1608,382.5788433788367
1609,382.5525113775068
1610,382.55170385169913
1611,382.5027306027242
1612,382.4967726717661
1613,382.46560661560386
1614,382.46204351204
1615,382.3209901209848
1616,382.07914585414255
1617,382.04863747363294
1618,381.91748806747984
1619,381.87269674769345
1620,381.87128704628356
1621,381.7690670440596
1622,381.7597707847679
1623,381.7471361971312
1624,381.7451964701918
1625,381.3808941058895
1626,381.3459956709897
1627,381.2934149184083
1628,381.06139138638736
1629,381.0552308802321
1630,381.05331057830415
1631,380.9263292263258
1632,380.85904095904056
1633,380.81190476189846
1634,380.7708569208533
1635,380.74883727383263
1636,380.65737873237117
1637,380.6030774780798
1638,380.5812631812579
1639,380.57768065268067
1640,380.4585470085396
1641,380.45490065489605
1642,380.4073149073079
1643,380.385089910086
1644,380.2199994449963
1645,380.2142968142911
1646,380.2130008879937
1647,380.0380647130603
1648,379.89189421688553
1649,379.85140415139807
1650,379.8507825507757
1651,379.79375901876136
1652,379.7922244422181
1653,379.7694666444591
1654,379.5706904206882
1655,379.559845709838
1656,379.46727716727605
1657,379.4473998223958
1658,379.44188311687816
1659,379.2841353091335
1660,379.2297175047135
1661,379.06632534131865
1662,378.9972555222515
1663,378.9735403485341
1664,378.92352092351666
1665,378.8146686646703
1666,378.78098013097696
1667,378.65233100232734
1668,378.57495559995135
1669,378.5705932955895
1670,378.5447441447396
1671,378.52294372294534
1672,378.45798923298224
1673,378.44541569541025
1674,378.3822177822145
1675,378.3634393384361
1676,378.05385170384824
1677,377.9793234543197
1678,377.9650765900717
1679,377.8041403041366
1680,377.75347985347634
1681,377.50076312575857
1682,377.31679986679615
1683,377.27660950160623
1684,377.2484654234593
1685,377.2331862581841
1686,377.19267399266806
1687,377.1400183150103
1688,377.09279609278775
1689,377.0631313131287
1690,377.03999333999326
1691,377.02516650016634
1692,377.00757298256815
1693,377.00341325340725
1694,376.989108114101
1695,376.8902070152003
1696,376.83991841491223
1697,376.81166333665743
1698,376.80468975469137
1699,376.76138306137574
1700,376.73980741480284
1701,376.71096126095836
1702,376.6727827727735
1703,376.65598013097684
1704,376.63888611388103
1705,376.59234376734
1706,376.4750277500197
1707,376.3506493506426
1708,376.28875568875526
1709,376.1657398157332
1710,375.9709512709473
1711,375.9517343767297
1712,375.76904484404145
1713,375.76464646464024
1714,375.75991508491086
1715,375.73069153068457
1716,375.72542735042305
1717,375.6282745032682
1718,375.62166722166126
1719,375.60176767676955
1720,375.55954600954016
1721,375.46621711621316
1722,375.39736652236894
1723,375.356346431346
1724,375.3193417693372
1725,375.2177350427337
1726,375.19037906537454
1727,375.03903873903135
1728,375.0185508935479
1729,374.9563603063607
1730,374.9255272505243
1731,374.85426517926265
1732,374.72097347096894
1733,374.5845376845333
1734,374.4169885669848
1735,374.198334998332
1736,374.1648101898023
1737,374.1340909090831
1738,374.1288961038893
1739,374.1242812742737
1740,374.10900210899456
1741,374.1062021312028
1742,374.0913031412958
1743,374.0712315462243
1744,374.0114996114936
1745,373.9111416361397
1746,373.79285436785193
1747,373.76674159173814
1748,373.73532856032847
1749,373.7136863136823
1750,373.69521312020527
1751,373.6793928293895
1752,373.6679875679853
1753,373.65354367854115
1754,373.6018176268139
1755,373.5687035186981
1756,373.53789266289016
1757,373.46940836940377
1758,373.41055056054904
1759,373.35882450882303
1760,373.27158119657656
1761,373.2713869463799
1762,373.1845321345246
1763,373.13018925518116
1764,373.0271256521206
1765,373.01096681096396
1766,372.9797591297551
1767,372.97199467198993
1768,372.90169275168813
1769,372.7150793650801
1770,372.6524642024551
1771,372.58275058274273
1772,372.51607004106353
1773,372.46195193694336
1774,372.3777777777701
1775,372.363070263066
1776,372.35313297812934
1777,372.34386724385877
1778,372.3393328893238
1779,372.3093434343447
1780,372.26701909200983
1781,372.25997058496904
1782,372.2215922965844
1783,372.1799977799946
1784,372.15151237650474
1785,372.09002664001866
1786,372.08945498944695
1787,371.8580808080738
1788,371.5563603063599
1789,371.52831890331186
1790,371.5036352536323
1791,371.4618020867975
1792,371.4051226551154
1793,371.3927100677083
1794,371.27924020423694
1795,371.2721805971769
1796,371.2216755466707
1797,371.16739094238335
1798,371.10453157952463
1799,371.0934315684248
1800,371.0895854145869
1801,371.06776556775776
1802,370.934637584634
1803,370.90205350205486
1804,370.8654456654412
1805,370.76461871461197
1806,370.75662115661333
1807,370.747935397932
1808,370.68015873015
1809,370.47949272948404
1810,370.43930791430296
1811,370.43467365967064
1812,370.32917915417437
1813,370.24705294704563
1814,370.2394549894512
1815,370.18852536351795
1816,370.1437812187761
1817,370.1215673215581
1818,370.08029470528794
1819,370.0787740037746
1820,369.9474386724352
1821,369.8889305139218
1822,369.8315767565672
1823,369.76629204128375
1824,369.68480963481045
1825,369.57851592851176
1826,369.3599039848958
1827,369.194541569534
1828,369.1342934842846
1829,368.9639582639568
1830,368.9594266844282
1831,368.7958430458345
1832,368.77564102563286
1833,368.7659729159637
1834,368.65916028415126
1835,368.64305694305267
1836,368.62044067043195
1837,368.5447580197544
1838,368.5414307914235
1839,368.42150349650024
1840,368.4206709956665
1841,368.3910811410776
1842,368.36444388943977
1843,368.15459817959527
1844,368.11794871794064
1845,368.0413697413611
1846,367.98957153956485
1847,367.9523809523757
1848,367.86962204461605
1849,367.78076923076094
1850,367.7342712842673
1851,367.7054806304729
1852,367.5970973470941
1853,367.52877955377636
1854,367.4327311577221
1855,367.3734376734348
1856,367.3565989565975
1857,367.34312076812193
1858,367.1668303918215
1859,367.1627372627328
1860,367.094727494728
1861,366.96682484182014
1862,366.95959040958553
1863,366.9135780885697
1864,366.90868853368625
1865,366.8935064935087
1866,366.68246198245686
1867,366.66595904095
1868,366.65617160616284
1869,366.6422771672692
1870,366.6072843822775
1871,366.48449605949673
1872,366.45087690086916
1873,366.3949827949792
1874,366.38860028860176
1875,366.36507381506385
1876,366.11860084359614
1877,366.1025890775804
1878,365.869552669548
1879,365.86772671772184
1880,365.79090909090513
1881,365.64590964590593
1882,365.55475635475
1883,365.5526140526095
1884,365.5393495393465
1885,365.5318348318293
1886,365.5094350094258
1887,365.48944666443884
1888,365.4519092019076
1889,365.43553668553255
1890,365.3919830169733
1891,365.34032356531867
1892,365.30319125318664
1893,365.23412143411366
1894,365.22205849705415
1895,365.1948495948512
1896,365.1247696747647
1897,365.11835386834633
1898,365.0358225108145
1899,364.9788517038425
1900,364.97613775113297
1901,364.90010822510976
1902,364.7262237762171
1903,364.69153346652485
1904,364.6816239316191
1905,364.66745754245795
1906,364.5484959484867
1907,364.54784659783746
1908,364.4776473526442
1909,364.31794871794057
1910,364.02584637584124
1911,364.02158397157535
1912,363.9406177156103
1913,363.93429625929133
1914,363.9334998335018
1915,363.9240342990298
1916,363.8873265623228
1917,363.87679820179386
1918,363.79595682095874
1919,363.70525863025404
1920,363.6801587301549
1921,363.60929903429064
1922,363.60904095903925
1923,363.49405594405465
1924,363.33731268730975
1925,363.3300838050847
1926,363.32913475412727
1927,363.2910894660824
1928,363.25672383171474
1929,363.20036907536996
1930,363.1886918636882
1931,363.1205377955379
1932,363.0718226218209
1933,363.0049866799859
1934,363.00297757797387
1935,362.96645854145413
1936,362.95412365412017
1937,362.85550005549493
1938,362.72907647907334
1939,362.6458791208739
1940,362.61668331667795
1941,362.56894216893807
1942,362.35147075146733
1943,362.3312326562293
1944,362.30635753135874
1945,362.2008352758319
1946,362.16380841379896
1947,362.0763569763594
1948,361.99714174713216
1949,361.9923437673387
1950,361.98330558330406
1951,361.9557442557352
1952,361.7402208902182
1953,361.72393162392285
1954,361.6920967920931
1955,361.60670163169294
1956,361.58546453545637
1957,361.50402375401495
1958,361.49133644132826
1959,361.4284382284378
1960,361.2837690087608
1961,361.1725024974936
1962,361.15864968364093
1963,361.1120601620521
1964,361.0545759795725
1965,360.9937756687666
1966,360.9212814962774
1967,360.85568875568055
1968,360.8278305028255
1969,360.76810134309244
1970,360.73500665999774
1971,360.72796092795215
1972,360.71168831167853
1973,360.6299506049423
1974,360.5967282717233
1975,360.5866633366559
1976,360.53595016094283
1977,360.52139804638813
1978,360.51213231212313
1979,360.39278221777715
1980,360.36805971805506
1981,360.35742313241957
1982,360.3070512820434
1983,360.26009823509474
1984,360.20475912975115
1985,360.01313408812644
1986,359.96072538572093
1987,359.95795315794413
1988,359.93694361193604
1989,359.9245060494993
1990,359.9180819180818
1991,359.9174630924548
1992,359.87650960150313
1993,359.8721223221178
1994,359.86618936618567
1995,359.85637695636774
1996,359.8533161283111
1997,359.8427600177585
1998,359.7940143190051
1999,359.7642857142822
2000,359.69193861693054
2001,359.63034743034285
2002,359.6174270174225
2003,359.5789183039131
2004,359.49950604950106
2005,359.47405372404876
2006,359.444705294696
2007,359.43347485846533
2008,359.4239676989633
2009,359.2785325785285
2010,359.2316267066178
2011,359.17717560216613
2012,359.1214507714489
2013,359.1171800421785
2014,359.1050227550207
2015,359.08931901431515
2016,359.0857586857542
2017,359.0317460317424
2018,358.9965034964955
2019,358.9454933954885
2020,358.9289543789473
2021,358.86213508713246
2022,358.8520118770047
2023,358.762465312462
2024,358.7082278832239
2025,358.6548562548472
2026,358.57121767121265
2027,358.3219891219853
2028,358.2835747585706
2029,358.2185619935537
2030,358.16442168941325
2031,358.0767982017937
2032,358.0236208236168
2033,358.01846764346436
2034,357.92274947274035
2035,357.8590520590534
2036,357.8480130980097
2037,357.80248640247805
2038,357.63447940947333
2039,357.61212121211815
2040,357.60020812519934
2041,357.55407370407
2042,357.546656121647
2043,357.46790431790384
2044,357.4413142413096
2045,357.4238788988716
2046,357.3826035075991
2047,357.26867576866687
2048,357.1849594849519
2049,357.16766844266
2050,357.0553474303488
2051,357.0525890775804
2052,357.0260184260093
2053,357.0072066822034
2054,356.99681152180295
2055,356.9180846930836
2056,356.71453546453256
2057,356.70995393494377
2058,356.6909729159641
2059,356.69061216560317
2060,356.6761932511852
2061,356.66497946497543
2062,356.651476301472
2063,356.56480463980154
2064,356.55536408035454
2065,356.53167110666726
2066,356.5122877122799
2067,356.34470529469627
2068,356.34244366744224
2069,356.3423104673008
2070,356.08983793983407
2071,356.0446581196501
2072,355.9602480852389
2073,355.9193278943181
2074,355.9184121434038
2075,355.8769119769089
2076,355.84940337439485
2077,355.7879120879045
2078,355.574142524144
2079,355.55122655122454
2080,355.5508186258096
2081,355.5446830946841
2082,355.52418137417243
2083,355.5073454323366
2084,355.50680430679586
2085,355.36268453767514
2086,355.3446608946563
2087,355.278063603059
2088,355.2703629703589
2089,355.17627650127025
2090,355.12922355422023
2091,355.04270174269254
2092,354.9593295593232
2093,354.9366078365989
2094,354.8696914196851
2095,354.70003607502747
2096,354.64026529026194
2097,354.51665834165465
2098,354.42539127538356
2099,354.4043234543144
2100,354.3872988122907
2101,354.230480630477
2102,354.1792291042245
2103,354.16790154289725
2104,354.1024142524127
2105,353.8697136197097
2106,353.83364413363506
2107,353.8183177933146
2108,353.7010905760852
2109,353.6103174603126
2110,353.6100149850066
2111,353.4373876123791
2112,353.43084138084214
2113,353.2997086246986
2114,353.274747474747
2115,353.18281995781564
2116,353.1699883449794
2117,353.10427627927265
2118,353.1032772782756
2119,353.10092685092275
2120,353.0740786990777
2121,353.02788045287076
2122,352.9816239316179
2123,352.9326701076676
2124,352.91597846596846
2125,352.7439255189214
2126,352.71292318791586
2127,352.6620851370777
2128,352.6599317349275
2129,352.6520701520698
2130,352.6457042956942
2131,352.63596126095945
2132,352.6352758352667
2133,352.61003996003194
2134,352.5408646908602
2135,352.4495448995357
2136,352.44823509822646
2137,352.3210039959969
2138,352.2885281385238
2139,352.2639721389629
2140,352.24841269840783
2141,352.2290265290215
2142,352.22360139859694
2143,352.2110250860163
2144,352.1759851259777
2145,352.07010212009266
2146,352.06048951048587
2147,352.04443056942694
2148,352.01236541235744
2149,351.8519758019725
2150,351.8232350982305
2151,351.7939560439529
2152,351.7883200133203
2153,351.7549866799782
2154,351.61329781329005
2155,351.59621767120825
2156,351.48576146075266
2157,351.3857614607525
2158,351.0870185370098
2159,350.97760850260426
2160,350.84385891885336
2161,350.74391996891814
2162,350.7196830946763
2163,350.6615884115885
2164,350.6593573093534
2165,350.5911560661476
2166,350.5206071705974
2167,350.4851010101012
2168,350.40433177932306
2169,350.3633255633205
2170,350.34566267065816
2171,350.2561771561743
2172,350.24359529358696
2173,350.24130869130494
2174,350.1807747807699
2175,349.8472915972843
2176,349.82425629924853
2177,349.8228993228897
2178,349.77755855255106
2179,349.7408785658695
2180,349.7204739704756
2181,349.57860750360254
2182,349.57127317126435
2183,349.5512265512181
2184,349.5433732933656
2185,349.48917193916907
2186,349.43138805638387
2187,349.34902874902014
2188,349.33518148517174
2189,349.3113664113584
2190,349.2361111111062
2191,349.1619491619477
2192,349.11963036962067
2193,348.9922799422748
2194,348.97632090131236
2195,348.9630452880414
2196,348.931376956373
2197,348.88533966033117
2198,348.88487345987284
2199,348.73196525695715
2200,348.67713952714115
2201,348.51316461316003
2202,348.47191974691816
2203,348.39519647018744
2204,348.3174519924476
2205,348.2478465978432
2206,348.2349067598979
2207,347.8907120657024
2208,347.7671162171118
2209,347.7007548007524
2210,347.69217171717054
2211,347.6328948828961
2212,347.5814879564893
2213,347.3204989454978
2214,347.252006326998
2215,347.18200688199755
2216,347.1402902652891
2217,347.1334942834932
2218,347.1246003995961
2219,346.9476884226837
2220,346.94037906537534
2221,346.9327922077852
2222,346.8787851037806
2223,346.86749361748684
2224,346.8399211899125
2225,346.81072816071895
2226,346.65026362525856
2227,346.570776445773
2228,346.4613664113611
2229,346.4505772005688
2230,346.3719225219131
2231,346.3068986568946
2232,346.10542235541675
2233,346.0589410589358
2234,346.0375485625487
2235,346.0033827283788
2236,345.9459373959298
2237,345.9156204906125
2238,345.8680708180663
2239,345.7501470751394
2240,345.7430236430148
2241,345.6211843711811
2242,345.5797230547224
2243,345.5355450105402
2244,345.5104728604682
2245,345.4395687645689
2246,345.33799256298886
2247,345.2670135420094
2248,345.2310689310626
2249,345.22977855477495
2250,345.1697913197872
2251,345.1217032966997
2252,344.99308469308085
2253,344.80456210455804
2254,344.7875707625679
2255,344.66998001997814
2256,344.6269008768982
2257,344.54093406592995
2258,344.53646908646556
2259,344.520598845592
2260,344.3751165501099
2261,344.2931485181397
2262,344.24847097346225
2263,343.95907425906967
2264,343.9098679098607
2265,343.75706793205984
2266,343.5086274836241
2267,343.4102369852324
2268,343.3719641469561
2269,343.3491924741842
2270,343.3448662448569
2271,343.32474469974136
2272,343.2683066933026
2273,343.258774558767
2274,343.2213009212973
2275,343.2152514152465
2276,343.0158591408509
2277,342.99145021644864
2278,342.8166666666611
2279,342.8025224775241
2280,342.735536685529
2281,342.72065712065
2282,342.6955072705053
2283,342.4176878676833
2284,342.3454267954224
2285,342.3337856587832
2286,342.25043845043064
2287,342.01930846930907
2288,341.99906482405993
2289,341.99562104561306
2290,341.9586774336742
2291,341.8654817404743
2292,341.84758297257576
2293,341.83855588855454
2294,341.78898878898497
2295,341.765764790758
2296,341.4595265845189
2297,341.41856476855725
2298,341.3780469530442
2299,341.3614496614461
2300,341.3555472305376
2301,341.3317932067891
2302,341.22023254523106
2303,341.2104007103964
2304,341.200158175155
2305,340.78565046064637
2306,340.73376068375643
2307,340.5264596514545
2308,340.50335775335543
2309,340.4609224109192
2310,340.40305527805083
2311,340.2557137307061
2312,340.09424186923434
2313,340.08367188366805
2314,340.08041403040954
2315,340.05226995226514
2316,340.0088605838528
2317,339.77019924519186
2318,339.60669330668964
2319,338.81686369185934
2320,338.6613497613425
2321,338.62773615273215
2322,338.48023504272675
2323,338.4189588189519
2324,338.3689171939127
2325,338.25416805415955
2326,338.2223110223064
2327,338.1506687756604
2328,338.0776334776264
2329,337.9391608391527
2330,337.80822233321777
2331,337.7971528471487
2332,337.75863303362826
2333,337.51277611277544
2334,337.44304584303825
2335,337.3173826173778
2336,337.15263625263543
2337,337.0928710178702
2338,337.05251137750435
2339,337.03720446219984
2340,336.91716894216495
2341,336.89096181596005
2342,336.62461704960714
2343,336.4527195027174
2344,336.41837329336886
2345,336.24919247418495
2346,336.137459762456
2347,336.0766011765939
2348,336.046636696632
2349,335.8614635364589
2350,335.83648157397323
2351,335.7494866244805
2352,335.63716561216165
2353,335.4647269397206
2354,335.44648129647635
2355,335.20148185147764
2356,335.1798895548815
2357,335.1774891774847
2358,335.1027528027452
2359,334.931601731598
2360,334.919383394379
2361,334.78604173603736
2362,334.7704573204499
2363,334.6855810855783
2364,334.6394480519399
2365,334.5417193917202
2366,334.28453213452815
2367,334.18698246197516
2368,333.9897546897497
2369,333.97864080363416
2370,333.5475746475674
2371,333.5074203574127
2372,333.0996225996142
2373,332.9945637695594
2374,332.72261072260153
2375,332.2179320679246
2376,332.20555833055585
2377,332.19082306581475
2378,332.0918720168681
2379,332.02382617382153
2380,332.0171273171227
2381,331.88435453435335
2382,331.7646270396192
2383,331.7453546453512
2384,331.70625208124795
2385,331.70340492840177
2386,331.5205877455814
2387,331.3706376956354
2388,331.19879287379143
2389,330.9478687978616
2390,330.5190226440158
2391,330.2719391719348
2392,330.23578921078473
2393,330.2158202908123
2394,330.0587301587258
2395,329.9946289821213
2396,329.9457153957111
2397,329.8572510822436
2398,329.850219225212
2399,329.7180985680918
2400,329.624125874117
2401,329.4395188145115
2402,329.3664627039552
2403,329.33029193028807
2404,329.2328088578052
2405,329.1885808635744
2406,328.9843018092977
2407,328.697274947267
2408,328.59728049727596
2409,328.3565184815149
2410,328.1805971805896
2411,327.7252775002762
2412,327.6452769452734
2413,327.63994755244056
2414,327.6344239094165
2415,327.618342768339
2416,327.6028083028044
2417,327.0754911754868
2418,327.0747058497018
2419,326.8049089799078
2420,326.3587773337736
2421,326.3210789210707
2422,326.0963897213853
2423,326.092390942386
2424,326.08531884781485
2425,326.03801476301055
2426,326.0114690864645
2427,325.93495809745406
2428,325.8048867798793
2429,325.7988539238502
2430,325.65988178487817
2431,325.35970695970303
2432,325.0516733266697
2433,325.01877011876184
2434,324.8758436008368
2435,324.50004440004045
2436,324.43696164945476
2437,324.3774919524882
2438,324.25058552557846
2439,324.23897768897336
2440,324.20991369740983
2441,324.09944222443886
2442,323.97388167387476
2443,323.9283522033482
2444,323.74344266843895
2445,323.7382117882081
2446,323.73802031301926
2447,323.6321511821439
2448,323.59494394493686
2449,323.59265040514236
2450,323.1600788100752
2451,323.0860902985831
2452,322.78907203906834
2453,322.22230824730417
2454,321.6239094239042
2455,321.39107420356737
2456,321.33420190919526
2457,320.9460872460835
2458,320.3493686868649
2459,320.1471306471244
2460,320.11790986790373
2461,319.67604062603647
2462,319.53704351203646
2463,319.15985680985295
2464,319.14847374846704
2465,319.0232489732426
2466,318.7284479409412
2467,318.7077672327637
2468,318.69020562769845
2469,318.30376845376406
2470,318.3019702519637
2471,318.20248085247584
2472,318.00192862692444
2473,317.709021534018
2474,317.21184093683706
2475,316.5095695970618
2476,315.8137778887742
2477,315.8045315795278
2478,314.996481296476
2479,314.2471750471718
2480,312.56666527915723
2481,312.3129120879064
2482,311.86519175268796
2483,310.82401764901016
2484,309.6553640803602
2485,309.2277444777409
2486,308.09262404262034
2487,306.95702491952
2488,306.8905719280644
2489,305.9281315906281
2490,305.83761238760906
2491,305.31819291818965
2492,304.60802530802266
2493,304.31451326451105
2494,303.5880290461116
2495,302.2054348429291
2496,300.58202769452515
2497,300.16235986235716
2498,296.7377483627452
2499,292.99074577383163
2500,289.2850427350405
